function	asm	ghidra_draft
BN_mod_exp_mont	asm/nitrocrypto	the number of calls differs
ov01_021EA3E0	asm/overlay_01_021E90C0	every trial inconclusive
ov01_021EC4A8	asm/overlay_01_021EB1E8	every trial inconclusive
ov01_021EC85C	asm/overlay_01_021EB1E8	a call differs
ov01_021EC94C	asm/overlay_01_021EB1E8	no address for {name}")
ov01_021ECBB4	asm/overlay_01_021EB1E8	memory differs
ov01_021ECF4C	asm/overlay_01_021EB1E8	a call differs
ov01_021ED070	asm/overlay_01_021EB1E8	memory differs
ov01_021ED31C	asm/overlay_01_021EB1E8	a call differs
ov01_021EDAFC	asm/overlay_01_021EDAFC	memory differs
ov01_021EE014	asm/overlay_01_021EDAFC	a call differs
MapLoadManager_InitialLoad	asm/overlay_01_021F4704	a call differs
ov01_021F5A80	asm/overlay_01_021F4704	the return value differs
ov01_021F5FB8	asm/overlay_01_021F4704	a call differs
AreaDataManager_Load	asm/overlay_01_021FB878	a call differs
ov02_0224663C	asm/overlay_02_02245B80	a call differs
ov02_02246A34	asm/overlay_02_02245B80	memory differs
ov05_0221C21C	asm/overlay_05	a call differs
ov05_0221C5C4	asm/overlay_05	a call differs
ov05_0221C6C8	asm/overlay_05	a call differs
ov05_0221D3AC	asm/overlay_05	a call differs
ov07_0221CCF4	asm/overlay_07	the return value differs
ov07_0221CD4C	asm/overlay_07	the return value differs
ov07_0221CDA4	asm/overlay_07	a call differs
ov07_0221CE5C	asm/overlay_07	a call differs
ov07_0221D0E8	asm/overlay_07	a call differs
ov07_0221D3CC	asm/overlay_07	the return value differs
ov07_0221D874	asm/overlay_07	the number of calls differs
ov07_02220978	asm/overlay_07	memory differs
ov07_02220CAC	asm/overlay_07	memory differs
ov07_02221C8C	asm/overlay_07	the return value differs
ov07_0222212C	asm/overlay_07	memory differs
ov07_022224AC	asm/overlay_07	memory differs
ov07_02222674	asm/overlay_07	a call differs
ov07_02222914	asm/overlay_07	a call differs
ov07_02223550	asm/overlay_07	a call differs
ov07_02223864	asm/overlay_07	a call differs
ov07_02223EB4	asm/overlay_07	a call differs
ov07_02224008	asm/overlay_07	a call differs
ov07_02225098	asm/overlay_07	a call differs
ov07_02225990	asm/overlay_07	a call differs
ov07_02226CB0	asm/overlay_07	memory differs
ov07_02226F04	asm/overlay_07	memory differs
ov07_02229FC4	asm/overlay_07	memory differs
ov07_0222A1F0	asm/overlay_07	memory differs
ov07_0222A58C	asm/overlay_07	a call differs
ov07_0222B130	asm/overlay_07	memory differs
ov07_0222B4E0	asm/overlay_07	a call differs
ov07_0222B640	asm/overlay_07	a call differs
ov07_0222BC7C	asm/overlay_07	memory differs
ov07_0222C2D4	asm/overlay_07	memory differs
ov07_0222E894	asm/overlay_07	a call differs
ov07_0222FC44	asm/overlay_07	a call differs
ov07_022301C4	asm/overlay_07	a call differs
ov07_02230FE8	asm/overlay_07	a call differs
ov07_02231A70	asm/overlay_07	memory differs
ov07_02232020	asm/overlay_07	a call differs
ov07_0223350C	asm/overlay_07	memory differs
ov07_022335A0	asm/overlay_07	a call differs
ov07_022335B4	asm/overlay_07	a call differs
ov07_02233874	asm/overlay_07	a call differs
ov07_022342E4	asm/overlay_07	memory differs
ov07_0223441C	asm/overlay_07	only one side returned
ov07_022344B4	asm/overlay_07	a call differs
ov07_022344C4	asm/overlay_07	a call differs
ov07_02234530	asm/overlay_07	the return value differs
ov07_0223476C	asm/overlay_07	a call differs
ov08_0221BE20	asm/overlay_08	memory differs
ov08_0221D77C	asm/overlay_08	a call differs
ov08_0221E244	asm/overlay_08	a call differs
ov08_02220BB4	asm/overlay_08	a call differs
ov08_02221500	asm/overlay_08	a call differs
ov08_0222171C	asm/overlay_08	a call differs
ov08_02221BD0	asm/overlay_08	only one side returned
ov08_02221D2C	asm/overlay_08	memory differs
ov08_02221EE8	asm/overlay_08	a call differs
ov08_0222276C	asm/overlay_08	a call differs
ov08_02223A3C	asm/overlay_08	a call differs
ov08_02224768	asm/overlay_08	memory differs
ov08_02224858	asm/overlay_08	a call differs
ov102_021EC3D4	asm/overlay_102	every trial inconclusive
ov10_0221BF44	asm/overlay_10_trainer_ai	the return value differs
ov10_0221C038	asm/overlay_10_trainer_ai	the return value differs
ov10_0221C4B8	asm/overlay_10_trainer_ai	a call differs
ov10_0221C510	asm/overlay_10_trainer_ai	a call differs
ov10_0221C568	asm/overlay_10_trainer_ai	a call differs
ov10_0221C5C0	asm/overlay_10_trainer_ai	a call differs
ov10_0221C618	asm/overlay_10_trainer_ai	a call differs
ov10_0221C664	asm/overlay_10_trainer_ai	a call differs
ov10_0221C6B0	asm/overlay_10_trainer_ai	a call differs
ov10_0221C6FC	asm/overlay_10_trainer_ai	a call differs
ov10_0221C748	asm/overlay_10_trainer_ai	a call differs
ov10_0221C790	asm/overlay_10_trainer_ai	a call differs
ov10_0221CD34	asm/overlay_10_trainer_ai	memory differs
ov10_0221E2CC	asm/overlay_10_trainer_ai	the number of calls differs
ov10_0221E848	asm/overlay_10_trainer_ai	the number of calls differs
ov10_0221EF7C	asm/overlay_10_trainer_ai	memory differs
ov10_02220010	asm/overlay_10_trainer_ai	a call differs
ov10_022203A4	asm/overlay_10_trainer_ai	the number of calls differs
ov10_022206B0	asm/overlay_10_trainer_ai	the return value differs
BugContestSwapMon_Main	asm/overlay_111	a call differs
ov112_021E6164	asm/overlay_112	the number of calls differs
ov112_021E7398	asm/overlay_112	check timed out
ov112_021F3018	asm/overlay_112	memory differs
ov112_021F328C	asm/overlay_112	memory differs
ov113_021E5A7C	asm/overlay_113	memory differs
ov115_0225F978	asm/overlay_115	the number of calls differs
ov12_02238A68	asm/overlay_12_022378C0	check timed out
ov12_0223A664	asm/overlay_12_022378C0	memory differs
BattleController_EmitBattleMonToPartyMonCopy	asm/overlay_12_battle_controller	memory differs
BattleController_EmitPlayFaintAnimation	asm/overlay_12_battle_controller	a call differs
BattleController_EmitPrintFirstSendOutMessage	asm/overlay_12_battle_controller	the number of calls differs
BattleController_EmitRecallPokemon	asm/overlay_12_battle_controller	memory differs
BattleController_EmitShowMonList	asm/overlay_12_battle_controller	only one side returned
BattleController_EmitSwapToSubstituteSprite	asm/overlay_12_battle_controller	memory differs
BattleController_EmitToggleVanish	asm/overlay_12_battle_controller	memory differs
ov12_022628A0	asm/overlay_12_battle_controller	a call differs
ov12_02262B80	asm/overlay_12_battle_controller	a call differs
ov12_02262F40	asm/overlay_12_battle_controller	the number of calls differs
ov12_02263F8C	asm/overlay_12_battle_controller	memory differs
ov12_02258E54	asm/overlay_12_battle_controller_opponent	a call differs
ov12_022597EC	asm/overlay_12_battle_controller_opponent	only one side returned
ov12_02259968	asm/overlay_12_battle_controller_opponent	a call differs
ov12_0225AED8	asm/overlay_12_battle_controller_opponent	a call differs
ov12_0225E154	asm/overlay_12_battle_controller_opponent	a call differs
ov12_0225E250	asm/overlay_12_battle_controller_opponent	only one side returned
ov12_0225E404	asm/overlay_12_battle_controller_opponent	a call differs
ov12_0225E568	asm/overlay_12_battle_controller_opponent	a call differs
ov12_0225E830	asm/overlay_12_battle_controller_opponent	the number of calls differs
ov12_0225F4E0	asm/overlay_12_battle_controller_opponent	a call differs
ov12_022609F8	asm/overlay_12_battle_controller_opponent	a call differs
ov12_022615F0	asm/overlay_12_battle_controller_opponent	memory differs
ov12_02261B80	asm/overlay_12_battle_controller_opponent	memory differs
ov13_022208E8	asm/overlay_13_thumb_2	a call differs
ov13_022208F8	asm/overlay_13_thumb_2	a call differs
ov13_022209F8	asm/overlay_13_thumb_2	check timed out
ov13_02221C78	asm/overlay_13_thumb_2	the number of calls differs
ov13_02221F94	asm/overlay_13_thumb_2	the return value differs
ov13_02222768	asm/overlay_13_thumb_2	memory differs
ov13_0222281C	asm/overlay_13_thumb_2	memory differs
ov13_02222998	asm/overlay_13_thumb_2	a call differs
ov13_02222A08	asm/overlay_13_thumb_2	a call differs
ov13_02222CE0	asm/overlay_13_thumb_2	Ghidra C does not compile
ov13_02223100	asm/overlay_13_thumb_2	a call differs
ov13_02223114	asm/overlay_13_thumb_2	a call differs
ov13_02223770	asm/overlay_13_thumb_2	a call differs
ov13_02223EE0	asm/overlay_13_thumb_2	Ghidra C does not compile
ov13_02223F84	asm/overlay_13_thumb_2	a call differs
ov13_02224164	asm/overlay_13_thumb_2	memory differs
ov13_02224DB4	asm/overlay_13_thumb_2	the return value differs
ov13_02226CFC	asm/overlay_13_thumb_2	a call differs
ov13_02226E5C	asm/overlay_13_thumb_2	a call differs
ov14_021E6CC8	asm/overlay_14_021E5900	a call differs
ov14_021E7278	asm/overlay_14_021E5900	the number of calls differs
ov14_021E8BA4	asm/overlay_14_021E5900	a call differs
ov14_021E8D20	asm/overlay_14_021E5900	a call differs
ov14_021E8FD4	asm/overlay_14_021E5900	a call differs
ov14_021EAF8C	asm/overlay_14_021EAF08	a call differs
ov14_021EB1C0	asm/overlay_14_021EAF08	the return value differs
ov14_021EB290	asm/overlay_14_021EAF08	a call differs
ov14_021EB2A8	asm/overlay_14_021EAF08	a call differs
ov14_021EB8C0	asm/overlay_14_021EAF08	memory differs
ov14_021EBAEC	asm/overlay_14_021EAF08	memory differs
ov14_021EC0EC	asm/overlay_14_021EAF08	no address for {name}")
ov14_021EC150	asm/overlay_14_021EAF08	a call differs
ov14_021EC854	asm/overlay_14_021EAF08	memory differs
ov14_021EC8D0	asm/overlay_14_021EAF08	no address for {name}")
ov14_021ED96C	asm/overlay_14_021EAF08	a call differs
ov14_021EDF28	asm/overlay_14_021EAF08	a call differs
ov14_021EE380	asm/overlay_14_021EE26C	a call differs
ov14_021EE728	asm/overlay_14_021EE26C	a call differs
ov14_021F0D58	asm/overlay_14_021F0A80	Ghidra C does not compile
ov14_021F1128	asm/overlay_14_021F0A80	memory differs
ov14_021F1170	asm/overlay_14_021F0A80	Ghidra C does not compile
ov14_021F11F8	asm/overlay_14_021F0A80	a call differs
ov14_021F1448	asm/overlay_14_021F0A80	Ghidra C does not compile
ov14_021F15C8	asm/overlay_14_021F0A80	Ghidra C does not compile
ov14_021F2778	asm/overlay_14_021F2490	memory differs
ov14_021F39D0	asm/overlay_14_021F2490	no address for {name}")
ov14_021F3F6C	asm/overlay_14_021F2490	a call differs
ov14_021F4848	asm/overlay_14_021F2490	a call differs
ov14_021F48B4	asm/overlay_14_021F2490	a call differs
ov14_021F6C94	asm/overlay_14_021F6628	Ghidra C does not compile
ov14_021F70F4	asm/overlay_14_021F6628	Ghidra C does not compile
ov14_021F7688	asm/overlay_14_021F6628	Ghidra C does not compile
ov14_021F7AC4	asm/overlay_14_021F6628	Ghidra C does not compile
ov15_021F9EA8	asm/overlay_15	a call differs
ov15_021F9F08	asm/overlay_15	a call differs
ov15_021FA098	asm/overlay_15	the return value differs
ov15_021FA1BC	asm/overlay_15	a call differs
ov15_021FAC48	asm/overlay_15	memory differs
ov15_021FAD28	asm/overlay_15	the return value differs
ov15_021FB3F0	asm/overlay_15	a call differs
ov15_021FB820	asm/overlay_15	a call differs
ov15_021FC41C	asm/overlay_15	a call differs
ov15_021FC7EC	asm/overlay_15	a call differs
ov15_021FDF88	asm/overlay_15	the return value differs
ov15_021FE620	asm/overlay_15	a call differs
ov15_021FFECC	asm/overlay_15	a call differs
ov15_021FFF34	asm/overlay_15	a call differs
ov15_021FFFDC	asm/overlay_15	a call differs
ov15_022001C4	asm/overlay_15	a call differs
ov15_02200458	asm/overlay_15	memory differs
ov18_021EF764	asm/overlay_18_021EE35C	a call differs
ov18_021EFD00	asm/overlay_18_021EE35C	a call differs
ov18_021EFDB4	asm/overlay_18_021EE35C	a call differs
ov18_021F1620	asm/overlay_18_021F0918	a call differs
ov18_021F1A7C	asm/overlay_18_021F0918	a call differs
ov18_021F2530	asm/overlay_18_021F0918	the number of calls differs
ov18_021F2BB0	asm/overlay_18_021F0918	a call differs
ov18_021F32B8	asm/overlay_18_021F0918	only one side returned
ov18_021F38F0	asm/overlay_18_021F0918	a call differs
ov18_021F39C4	asm/overlay_18_021F0918	a call differs
ov18_021F3B2C	asm/overlay_18_021F0918	Ghidra C does not compile
ov18_021F3BD4	asm/overlay_18_021F0918	Ghidra C does not compile
ov18_021F3C54	asm/overlay_18_021F0918	Ghidra C does not compile
ov18_021F3D98	asm/overlay_18_021F0918	Ghidra C does not compile
ov18_021F4EB0	asm/overlay_18_021F0918	every trial inconclusive
ov18_021F4F98	asm/overlay_18_021F0918	the number of calls differs
ov18_021F516C	asm/overlay_18_021F0918	a call differs
ov18_021F5CC4	asm/overlay_18_021F0918	a call differs
ov18_021F5E0C	asm/overlay_18_021F0918	a call differs
ov18_021F6230	asm/overlay_18_021F0918	the return value differs
ov18_021F6244	asm/overlay_18_021F0918	the return value differs
ov18_021F684C	asm/overlay_18_021F0918	a call differs
ov27_0225AC00	asm/overlay_27	memory differs
ov27_0225BC84	asm/overlay_27	the number of calls differs
ov27_0225C434	asm/overlay_27	memory differs
ov27_0225CD74	asm/overlay_27	a call differs
ov28_0225DE04	asm/overlay_28	memory differs
ov28_0225E1A4	asm/overlay_28	a call differs
ov28_0225E31C	asm/overlay_28	memory differs
ov28_0225E374	asm/overlay_28	memory differs
ov28_0225E43C	asm/overlay_28	a call differs
ov28_0225E51C	asm/overlay_28	the return value differs
ov28_0225E578	asm/overlay_28	a call differs
ov28_0225E810	asm/overlay_28	a call differs
ov31_0225D83C	asm/overlay_31	a call differs
ov31_0225DF98	asm/overlay_31	a call differs
ov31_0225E2D4	asm/overlay_31	a call differs
ov37_021E5900	asm/overlay_37	memory differs
ov37_021E5A84	asm/overlay_37	a call differs
ov37_021E70BC	asm/overlay_37	memory differs
ov39_02227208	asm/overlay_39_thumb	a call differs
ov39_02227420	asm/overlay_39_thumb	memory differs
ov39_02227778	asm/overlay_39_thumb	the number of calls differs
ov39_02228308	asm/overlay_39_thumb	a call differs
ov40_0222BD30	asm/overlay_40	a call differs
ov40_0222C884	asm/overlay_40	memory differs
ov40_0222D048	asm/overlay_40	memory differs
ov40_0222DAC0	asm/overlay_40	the return value differs
ov40_0222DAF0	asm/overlay_40	the return value differs
ov40_0222DB30	asm/overlay_40	the return value differs
ov40_0222EB9C	asm/overlay_40	a call differs
ov40_0222F09C	asm/overlay_40	a call differs
ov40_0222FF74	asm/overlay_40	a call differs
ov40_022307B0	asm/overlay_40	the return value differs
ov40_02231100	asm/overlay_40	a call differs
ov40_02231748	asm/overlay_40	a call differs
ov40_022318C8	asm/overlay_40	Ghidra C does not compile
ov40_02231C78	asm/overlay_40	memory differs
ov40_02232094	asm/overlay_40	memory differs
ov40_02233550	asm/overlay_40	the number of calls differs
ov40_022335F4	asm/overlay_40	the number of calls differs
ov40_022339CC	asm/overlay_40	the return value differs
ov40_02233AEC	asm/overlay_40	the return value differs
ov40_0223527C	asm/overlay_40	memory differs
ov40_022363BC	asm/overlay_40	a call differs
ov40_022365A0	asm/overlay_40	a call differs
ov40_02237284	asm/overlay_40	a call differs
ov40_0223854C	asm/overlay_40	a call differs
ov40_02238FF4	asm/overlay_40	memory differs
ov40_0223992C	asm/overlay_40	memory differs
ov40_02239954	asm/overlay_40	memory differs
ov40_022399B8	asm/overlay_40	memory differs
ov40_0223BA70	asm/overlay_40	a call differs
ov40_0223DBD4	asm/overlay_40	a call differs
ov40_0223E520	asm/overlay_40	a call differs
ov40_02240418	asm/overlay_40	memory differs
ov40_02242DF0	asm/overlay_40	memory differs
ov40_02242E4C	asm/overlay_40	a call differs
ov40_02243538	asm/overlay_40	the return value differs
ov40_0224355C	asm/overlay_40	memory differs
ov41_02247334	asm/overlay_41_02246B34	every trial inconclusive
ov41_022479A8	asm/overlay_41_02247828	every trial inconclusive
ov41_02248164	asm/overlay_41_02247828	every trial inconclusive
ov41_022482B8	asm/overlay_41_02247828	every trial inconclusive
ov41_02249C7C	asm/overlay_41_02249A40	the number of calls differs
ov41_02249DB4	asm/overlay_41_02249A40	memory differs
ov43_0222AAA4	asm/overlay_43	a call differs
ov43_0222AD98	asm/overlay_43	a call differs
ov43_0222B5D0	asm/overlay_43	a call differs
ov43_0222C2B0	asm/overlay_43	a call differs
ov43_0222CE48	asm/overlay_43	a call differs
ov43_0222DE14	asm/overlay_43	memory differs
ov43_0222EC58	asm/overlay_43	memory differs
ov43_0222ED18	asm/overlay_43	memory differs
ov45_0222AC14	asm/overlay_45_thumb	Ghidra C does not compile
ov45_0222AC58	asm/overlay_45_thumb	the number of calls differs
ov45_0222B2B4	asm/overlay_45_thumb	a call differs
ov45_0222C828	asm/overlay_45_thumb	a call differs
ov45_0222D500	asm/overlay_45_thumb	no address for {name}")
ov45_0222E000	asm/overlay_45_thumb	every trial inconclusive
ov45_0222E5D4	asm/overlay_45_thumb	memory differs
ov45_0222E7FC	asm/overlay_45_thumb	no address for {name}")
ov45_0222ECDC	asm/overlay_45_thumb	the return value differs
ov45_0222FA40	asm/overlay_45_thumb	only one side returned
ov45_02230ACC	asm/overlay_45_thumb	a call differs
ov48_02258800	asm/overlay_48	a call differs
ov48_02258F0C	asm/overlay_48	memory differs
ov48_0225909C	asm/overlay_48	the return value differs
ov48_0225932C	asm/overlay_48	the number of calls differs
ov48_02259F8C	asm/overlay_48	the return value differs
ov48_0225A43C	asm/overlay_48	a call differs
ov48_0225A95C	asm/overlay_48	the number of calls differs
ov48_0225AEDC	asm/overlay_48	memory differs
ov49_0225991C	asm/overlay_49_022595CC	a call differs
ov49_02259A20	asm/overlay_49_022595CC	a call differs
ov49_02259A54	asm/overlay_49_022595CC	a call differs
ov49_0225D9D0	asm/overlay_49_0225D6AC	a call differs
ov49_0225E58C	asm/overlay_49_0225D6AC	the number of calls differs
ov49_0225E8C4	asm/overlay_49_0225D6AC	a call differs
ov49_0225EC30	asm/overlay_49_0225D6AC	a call differs
ov49_0225F518	asm/overlay_49_0225EEAC	a call differs
ov49_022607C4	asm/overlay_49_0225EEAC	a call differs
ov49_02261930	asm/overlay_49_0225EEAC	a call differs
ov49_02262028	asm/overlay_49_02261FC0	the number of calls differs
ov49_02262FB4	asm/overlay_49_02262DB8	the number of calls differs
ov49_02263B74	asm/overlay_49_02263B74	the number of calls differs
ov49_02264E90	asm/overlay_49_022649F4	a call differs
ov49_0226529C	asm/overlay_49_022649F4	a call differs
ov49_022652E8	asm/overlay_49_022649F4	a call differs
ov49_02266678	asm/overlay_49_022655E0	memory differs
ov49_02267F40	asm/overlay_49_022655E0	the return value differs
ov49_022685F8	asm/overlay_49_02267F94	the number of calls differs
ov49_02269178	asm/overlay_49_02268D94	a call differs
ov49_02269430	asm/overlay_49_02268D94	a call differs
ov49_022694B4	asm/overlay_49_02268D94	a call differs
ov56_021E6514	asm/overlay_56	memory differs
ov57_02238134	asm/overlay_57	no address for {name}")
ov57_02238A00	asm/overlay_57	a call differs
ov57_02239EB4	asm/overlay_57	a call differs
ov57_0223A0E0	asm/overlay_57	the return value differs
ov57_0223B478	asm/overlay_57	memory differs
ov59_02238124	asm/overlay_59	a call differs
ov59_02238A04	asm/overlay_59	a call differs
ov59_02238E98	asm/overlay_59	a call differs
ov59_022398CC	asm/overlay_59	a call differs
ov59_0223A58C	asm/overlay_59	the return value differs
ov59_0223B2B4	asm/overlay_59	a call differs
ov59_0223B358	asm/overlay_59	the return value differs
ov59_0223BE70	asm/overlay_59	a call differs
ov64_021E677C	asm/overlay_64	a call differs
ov65_0221C5E0	asm/overlay_65	a call differs
ov65_0221CADC	asm/overlay_65	a call differs
ov65_0221CB5C	asm/overlay_65	a call differs
ov65_0221CC0C	asm/overlay_65	a call differs
ov65_0221CEB8	asm/overlay_65	memory differs
ov65_0221DDC0	asm/overlay_65	a call differs
ov65_0221E06C	asm/overlay_65	memory differs
ov65_0221FB4C	asm/overlay_65	memory differs
ov65_0221FCA0	asm/overlay_65	no address for {name}")
ov68_021E614C	asm/overlay_68	a call differs
ov68_021E6204	asm/overlay_68	a call differs
ov68_021E66F0	asm/overlay_68	a call differs
ov68_021E67E0	asm/overlay_68	a call differs
ov68_021E6820	asm/overlay_68	memory differs
ov68_021E6A2C	asm/overlay_68	a call differs
ov68_021E7568	asm/overlay_68	a call differs
ov68_021E773C	asm/overlay_68	a call differs
GeonetGlobe_Init	asm/overlay_69	memory differs
ov69_021E68EC	asm/overlay_69	memory differs
ov69_021E6994	asm/overlay_69	no address for {name}")
ov69_021E706C	asm/overlay_69	a call differs
ov70_02238130	asm/overlay_70	memory differs
ov70_022385C0	asm/overlay_70	a call differs
ov70_022387AC	asm/overlay_70	a call differs
ov70_02239E68	asm/overlay_70	a call differs
ov70_0223AA90	asm/overlay_70	the return value differs
ov70_0223AFFC	asm/overlay_70	a call differs
ov70_0223B6EC	asm/overlay_70	the return value differs
ov70_022400BC	asm/overlay_70	a call differs
ov70_02240854	asm/overlay_70	memory differs
ov70_02242144	asm/overlay_70	the return value differs
ov70_022421D0	asm/overlay_70	a call differs
ov70_02242390	asm/overlay_70	the return value differs
ov70_0224261C	asm/overlay_70	a call differs
ov70_022426F4	asm/overlay_70	a call differs
ov70_022428C0	asm/overlay_70	the return value differs
ov70_022429B8	asm/overlay_70	the return value differs
ov70_02242C64	asm/overlay_70	the return value differs
ov70_02242EE4	asm/overlay_70	a call differs
ov70_0224316C	asm/overlay_70	a call differs
ov70_02243254	asm/overlay_70	a call differs
ov70_02243598	asm/overlay_70	a call differs
ov70_02243768	asm/overlay_70	a call differs
ov70_02243928	asm/overlay_70	a call differs
ov70_02243B2C	asm/overlay_70	a call differs
ov70_02243CEC	asm/overlay_70	a call differs
ov70_02243DA0	asm/overlay_70	a call differs
ov70_02243F7C	asm/overlay_70	the number of calls differs
ov70_02243FE0	asm/overlay_70	the number of calls differs
ov70_02244124	asm/overlay_70	a call differs
ov70_02244A04	asm/overlay_70	a call differs
TradeSequence_Main	asm/overlay_71	a call differs
ov71_02248A08	asm/overlay_71	a call differs
ov71_0224903C	asm/overlay_71	a call differs
ov71_02249A98	asm/overlay_71	a call differs
ov71_0224A6D8	asm/overlay_71	a call differs
ov71_0224AFD4	asm/overlay_71	memory differs
NintendoWfc_Main	asm/overlay_72	a call differs
ov72_0223894C	asm/overlay_72	a call differs
ov72_02239370	asm/overlay_72	a call differs
ov72_0223A588	asm/overlay_72	a call differs
ov72_0223A7F4	asm/overlay_72	memory differs
ov72_0223A8F0	asm/overlay_72	a call differs
ov72_0223AF48	asm/overlay_72	a call differs
ov73_021E5900	asm/overlay_73	memory differs
ov73_021E5AB8	asm/overlay_73	a call differs
ov73_021E5C74	asm/overlay_73	the number of calls differs
ov73_021E79A8	asm/overlay_73	memory differs
ov73_021E7D74	asm/overlay_73	only one side returned
ov73_021E7E4C	asm/overlay_73	memory differs
ov73_021E7FB8	asm/overlay_73	a call differs
ov73_021E8198	asm/overlay_73	no address for {name}")
ov73_021E83F4	asm/overlay_73	no address for {name}")
ov73_021E85AC	asm/overlay_73	a call differs
ov73_021E8E7C	asm/overlay_73	a call differs
ov73_021EA3D0	asm/overlay_73	the number of calls differs
PmAgbCartridgeGetOffsets	asm/overlay_74_thumb	no address for {name}")
ov74_02229CB8	asm/overlay_74_thumb	a call differs
ov74_0222A6F8	asm/overlay_74_thumb	no address for {name}")
ov74_0222AB0C	asm/overlay_74_thumb	a call differs
ov74_0222AE6C	asm/overlay_74_thumb	a call differs
ov74_0222B3A4	asm/overlay_74_thumb	memory differs
ov74_0222B5F8	asm/overlay_74_thumb	a call differs
ov74_0222B760	asm/overlay_74_thumb	memory differs
ov74_0222B950	asm/overlay_74_thumb	every trial inconclusive
ov74_0222BA48	asm/overlay_74_thumb	a call differs
ov74_0222C2EC	asm/overlay_74_thumb	the number of calls differs
ov74_0222D11C	asm/overlay_74_thumb	no address for {name}")
ov74_0222DC60	asm/overlay_74_thumb	a call differs
ov74_0222DDFC	asm/overlay_74_thumb	memory differs
ov74_0222E8B4	asm/overlay_74_thumb	the number of calls differs
ov74_0222EC08	asm/overlay_74_thumb	memory differs
ov74_0222ED04	asm/overlay_74_thumb	no address for {name}")
ov74_0222F404	asm/overlay_74_thumb	a call differs
ov74_0222F598	asm/overlay_74_thumb	memory differs
ov74_0222FC50	asm/overlay_74_thumb	memory differs
ov74_0223026C	asm/overlay_74_thumb	memory differs
ov74_02230404	asm/overlay_74_thumb	a call differs
ov74_02230520	asm/overlay_74_thumb	a call differs
ov74_022305E4	asm/overlay_74_thumb	a call differs
ov74_022306C8	asm/overlay_74_thumb	a call differs
ov74_02230A84	asm/overlay_74_thumb	memory differs
ov74_02230C10	asm/overlay_74_thumb	the number of calls differs
ov74_02231FF4	asm/overlay_74_thumb	a call differs
ov74_02233024	asm/overlay_74_thumb	a call differs
ov74_02233230	asm/overlay_74_thumb	a call differs
ov74_02233B58	asm/overlay_74_thumb	a call differs
ov74_02233DBC	asm/overlay_74_thumb	a call differs
ov74_02233E8C	asm/overlay_74_thumb	the return value differs
ov74_0223547C	asm/overlay_74_thumb	a call differs
ov74_02235AC4	asm/overlay_74_thumb	the return value differs
ov74_02236258	asm/overlay_74_thumb	memory differs
ov74_02236AE0	asm/overlay_74_thumb	a call differs
ov74_IntToWstring5	asm/overlay_74_thumb	memory differs
ov75_02247118	asm/overlay_75	a call differs
ov75_02248994	asm/overlay_75	a call differs
ov80_0222B448	asm/overlay_80_0222AEF8	only one side returned
FrtCmd_003	asm/overlay_80_0222BDF4	a call differs
FrtCmd_004	asm/overlay_80_0222BDF4	a call differs
FrtCmd_034	asm/overlay_80_0222BDF4	every trial inconclusive
FrtCmd_036	asm/overlay_80_0222BDF4	every trial inconclusive
FrtCmd_042	asm/overlay_80_0222BDF4	every trial inconclusive
FrtCmd_044	asm/overlay_80_0222BDF4	every trial inconclusive
FrtCmd_056	asm/overlay_80_0222BDF4	memory differs
ov80_0222DCF0	asm/overlay_80_0222BDF4	a call differs
ov80_0222E3B8	asm/overlay_80_0222BDF4	a call differs
ov80_0222E450	asm/overlay_80_0222BDF4	memory differs
ov80_0222F030	asm/overlay_80_0222BDF4	a call differs
ov80_0222FD08	asm/overlay_80_0222FD08	the return value differs
ov80_022300D4	asm/overlay_80_0222FD08	memory differs
ov80_022308C4	asm/overlay_80_0222FD08	only one side returned
ov80_022310C4	asm/overlay_80_022310C4	the number of calls differs
ov80_022324C4	asm/overlay_80_022324C4	only one side returned
ov80_02232838	asm/overlay_80_022324C4	memory differs
ov80_02232F60	asm/overlay_80_022324C4	only one side returned
BattleArcadeData_Alloc	asm/overlay_80_022340E8	memory differs
BattleArcade_GetWonBattlePoints	asm/overlay_80_022340E8	the return value differs
ov80_022364A4	asm/overlay_80_02236450	a call differs
ov80_02236734	asm/overlay_80_02236450	memory differs
ov80_0223AED4	asm/overlay_80_0223AC24	memory differs
ov80_0223B1D4	asm/overlay_80_0223AC24	memory differs
ov80_0223B544	asm/overlay_80_0223AC24	a call differs
ov81_0223ECE4	asm/overlay_81	a call differs
ov81_0223F38C	asm/overlay_81	a call differs
ov81_0223F770	asm/overlay_81	a call differs
ov81_02242704	asm/overlay_81	no address for {name}")
ov81_02242710	asm/overlay_81	no address for {name}")
ov82_0223E140	asm/overlay_82	a call differs
ov82_0223EC68	asm/overlay_82	memory differs
ov82_0223F300	asm/overlay_82	a call differs
ov83_0223E14C	asm/overlay_83_0223DD60	the number of calls differs
ov83_02241474	asm/overlay_83_0223DD60	memory differs
ov83_0224152C	asm/overlay_83_0223DD60	a call differs
ov83_022418E8	asm/overlay_83_0223DD60	a call differs
ov83_022428A8	asm/overlay_83_0223DD60	a call differs
ov83_02242FE8	asm/overlay_83_02242FE8	memory differs
ov83_022451B8	asm/overlay_83_02243D7C	memory differs
ov83_0224563C	asm/overlay_83_02243D7C	a call differs
ov83_02245ACC	asm/overlay_83_02243D7C	a call differs
ov85_021E5900	asm/overlay_85	a call differs
ov85_021E5E30	asm/overlay_85	memory differs
ov85_021E62D8	asm/overlay_85	memory differs
ov85_021E63D8	asm/overlay_85	a call differs
ov85_021E7424	asm/overlay_85	a call differs
ov85_021E752C	asm/overlay_85	memory differs
ov85_021E75C8	asm/overlay_85	memory differs
ov85_021E7958	asm/overlay_85	the return value differs
ov85_021E7B04	asm/overlay_85	memory differs
ov85_021E7B8C	asm/overlay_85	a call differs
ov85_021E815C	asm/overlay_85	a call differs
ov85_021E8A08	asm/overlay_85	a call differs
ov85_021E8BB0	asm/overlay_85	the number of calls differs
ov86_021E7598	asm/overlay_86	a call differs
ov86_021E75EC	asm/overlay_86	Ghidra C does not compile
ov86_021E781C	asm/overlay_86	Ghidra C does not compile
ScratchOffCards_Init	asm/overlay_87	memory differs
ov87_021E5B48	asm/overlay_87	a call differs
ov87_021E5E00	asm/overlay_87	only one side returned
ov87_021E7264	asm/overlay_87	every trial inconclusive
ov87_021E7294	asm/overlay_87	the number of calls differs
ov87_021E734C	asm/overlay_87	every trial inconclusive
ov87_021E74F4	asm/overlay_87	the number of calls differs
ov87_021E7A44	asm/overlay_87	the number of calls differs
ov88_02259884	asm/overlay_88	a call differs
ov89_02258B04	asm/overlay_89	the number of calls differs
ov89_0225A4F4	asm/overlay_89	the number of calls differs
ov89_0225A5A4	asm/overlay_89	a call differs
ov89_0225A5EC	asm/overlay_89	a call differs
ov89_0225A878	asm/overlay_89	a call differs
ov89_0225AED0	asm/overlay_89	memory differs
ov89_0225B620	asm/overlay_89	the number of calls differs
ov89_0225C88C	asm/overlay_89	Ghidra C does not compile
ov89_0225C8BC	asm/overlay_89	Ghidra C does not compile
ov90_02258AA8	asm/overlay_90	memory differs
ov90_02258D4C	asm/overlay_90	a call differs
ov90_02259464	asm/overlay_90	a call differs
ov90_022594FC	asm/overlay_90	the number of calls differs
ov90_02259538	asm/overlay_90	the return value differs
ov90_02259794	asm/overlay_90	a call differs
ov90_0225AE4C	asm/overlay_90	a call differs
ov90_0225BA38	asm/overlay_90	a call differs
ov90_0225BAA0	asm/overlay_90	a call differs
ov91_0225CDF4	asm/overlay_91	a call differs
ov91_0225CEB4	asm/overlay_91	a call differs
ov91_0225D078	asm/overlay_91	a call differs
ov91_0225D40C	asm/overlay_91	a call differs
ov91_0225D46C	asm/overlay_91	a call differs
ov91_0225D884	asm/overlay_91	a call differs
ov91_0225DD50	asm/overlay_91	memory differs
ov91_0225E044	asm/overlay_91	the return value differs
ov91_0225E09C	asm/overlay_91	memory differs
ov91_0225E1FC	asm/overlay_91	the return value differs
ov91_0225E6F8	asm/overlay_91	the return value differs
ov91_0225E728	asm/overlay_91	memory differs
ov91_0225E7E8	asm/overlay_91	memory differs
ov91_0225EC7C	asm/overlay_91	a call differs
ov91_0225EDC8	asm/overlay_91	the number of calls differs
ov91_0225F05C	asm/overlay_91	memory differs
ov91_02260378	asm/overlay_91	a call differs
ov91_02260B5C	asm/overlay_91	a call differs
ov91_02260EE0	asm/overlay_91	a call differs
ov91_02261208	asm/overlay_91	a call differs
ov91_022614D4	asm/overlay_91	memory differs
ov92_0225C5C4	asm/overlay_92	memory differs
ov92_0225CC6C	asm/overlay_92	a call differs
ov92_0225DE08	asm/overlay_92	a call differs
ov92_0225DF58	asm/overlay_92	a call differs
ov92_0225E1A8	asm/overlay_92	no address for {name}")
ov92_0225EB88	asm/overlay_92	memory differs
ov92_0225F878	asm/overlay_92	memory differs
ov92_0225F8B0	asm/overlay_92	memory differs
ov92_0225FAB8	asm/overlay_92	a call differs
ov92_0225FF1C	asm/overlay_92	memory differs
ov92_02260428	asm/overlay_92	every trial inconclusive
ov92_02260628	asm/overlay_92	every trial inconclusive
ov92_02260798	asm/overlay_92	a call differs
ov92_022607F8	asm/overlay_92	a call differs
ov92_02260870	asm/overlay_92	a call differs
ov92_02260A38	asm/overlay_92	a call differs
ov92_02260AE0	asm/overlay_92	a call differs
ov92_0226325C	asm/overlay_92	every trial inconclusive
ov92_022632E8	asm/overlay_92	memory differs
ov92_022634F8	asm/overlay_92	every trial inconclusive
ov93_0225E144	asm/overlay_93_thumb_1	memory differs
ov93_0225E1A0	asm/overlay_93_thumb_1	the return value differs
ov93_0225E230	asm/overlay_93_thumb_1	memory differs
ov93_0225E2D4	asm/overlay_93_thumb_1	the return value differs
ov93_0225FD8C	asm/overlay_93_thumb_2	memory differs
ov93_02260314	asm/overlay_93_thumb_2	memory differs
ov93_02260660	asm/overlay_93_thumb_2	a call differs
ov93_02260A8C	asm/overlay_93_thumb_2	Ghidra C does not compile
ov93_02260BF0	asm/overlay_93_thumb_2	only one side returned
ov93_02260E1C	asm/overlay_93_thumb_2	memory differs
ov93_02260F3C	asm/overlay_93_thumb_2	memory differs
ov93_02261310	asm/overlay_93_thumb_2	memory differs
ov93_02261354	asm/overlay_93_thumb_2	Ghidra C does not compile
ov93_02261538	asm/overlay_93_thumb_2	a call differs
ov93_02261554	asm/overlay_93_thumb_2	a call differs
ov93_02261744	asm/overlay_93_thumb_2	a call differs
ov93_022618C4	asm/overlay_93_thumb_2	a call differs
ov93_02261EB8	asm/overlay_93_thumb_2	a call differs
ov93_02262130	asm/overlay_93_thumb_2	memory differs
ov93_022627C0	asm/overlay_93_thumb_2	a call differs
ov95_021E6300	asm/overlay_95	a call differs
ov95_021E7388	asm/overlay_95	Ghidra C does not compile
ov96_021E7A2C	asm/overlay_96	only one side returned
ov96_021E7C04	asm/overlay_96	a call differs
ov96_021E839C	asm/overlay_96	no address for {name}")
ov96_021E8484	asm/overlay_96	memory differs
ov96_021E860C	asm/overlay_96	memory differs
ov96_021E8914	asm/overlay_96	a call differs
ov96_021E8988	asm/overlay_96	a call differs
ov96_021E9204	asm/overlay_96	every trial inconclusive
ov96_021E93B4	asm/overlay_96	memory differs
ov96_021E9570	asm/overlay_96	memory differs
ov96_021E9A78	asm/overlay_96	Ghidra C does not compile
ov96_021EAC5C	asm/overlay_96	the number of calls differs
ov96_021EBB64	asm/overlay_96	a call differs
ov96_021EC1B0	asm/overlay_96	no address for {name}")
ov96_021EC68C	asm/overlay_96	no address for {name}")
ov96_021EC70C	asm/overlay_96	no address for {name}")
ov96_021EC82C	asm/overlay_96	no address for {name}")
ov96_021ECB38	asm/overlay_96	a call differs
ov96_021ECDEC	asm/overlay_96	Ghidra C does not compile
ov96_021ECF48	asm/overlay_96	a call differs
ov96_021ECFF8	asm/overlay_96	Ghidra C does not compile
ov96_021ED1D0	asm/overlay_96	memory differs
ov96_021EDDA4	asm/overlay_96	a call differs
ov96_021EE0AC	asm/overlay_96	memory differs
ov96_021EE144	asm/overlay_96	memory differs
ov96_021EE440	asm/overlay_96	no address for {name}")
ov96_021EE830	asm/overlay_96	memory differs
ov96_021EF610	asm/overlay_96	a call differs
ov96_021F010C	asm/overlay_96	memory differs
ov96_021F0F04	asm/overlay_96	memory differs
ov96_021F1170	asm/overlay_96	memory differs
ov96_021F1614	asm/overlay_96	a call differs
ov96_021F1CC0	asm/overlay_96	the number of calls differs
ov96_021F21EC	asm/overlay_96	the number of calls differs
ov96_021F234C	asm/overlay_96	a call differs
ov96_021F27B8	asm/overlay_96	a call differs
ov96_021F2834	asm/overlay_96	the number of calls differs
ov96_021F2C04	asm/overlay_96	a call differs
ov96_021F2E80	asm/overlay_96	the number of calls differs
ov96_021F2FEC	asm/overlay_96	Ghidra C does not compile
ov96_021F30F8	asm/overlay_96	the return value differs
ov96_021F342C	asm/overlay_96	memory differs
ov96_021F350C	asm/overlay_96	the number of calls differs
ov96_021F3B38	asm/overlay_96	only one side returned
ov96_021F4484	asm/overlay_96	a call differs
ov96_021F45F4	asm/overlay_96	a call differs
ov96_021F4A60	asm/overlay_96	memory differs
ov96_021F4AE0	asm/overlay_96	a call differs
ov96_021F4B34	asm/overlay_96	a call differs
ov96_021F4CAC	asm/overlay_96	a call differs
ov96_021F5018	asm/overlay_96	Ghidra C does not compile
ov96_021F5730	asm/overlay_96	a call differs
ov96_021F5BA0	asm/overlay_96	a call differs
ov96_021F6088	asm/overlay_96	memory differs
ov96_021F61C8	asm/overlay_96	memory differs
ov96_021F6524	asm/overlay_96	the number of calls differs
ov96_021F65D8	asm/overlay_96	the return value differs
ov96_021F6798	asm/overlay_96	memory differs
ov96_021F6F3C	asm/overlay_96	a call differs
ov96_021F7194	asm/overlay_96	memory differs
ov96_021F7620	asm/overlay_96	a call differs
ov96_021F77EC	asm/overlay_96	a call differs
ov96_021F7934	asm/overlay_96	memory differs
ov96_021F7E74	asm/overlay_96	memory differs
ov96_021F8830	asm/overlay_96	memory differs
ov96_021F9240	asm/overlay_96	a call differs
ov96_021F94A8	asm/overlay_96	memory differs
ov96_021FA34C	asm/overlay_96	memory differs
ov96_021FAFFC	asm/overlay_96	only one side returned
ov96_021FB0F4	asm/overlay_96	memory differs
ov96_021FB400	asm/overlay_96	the number of calls differs
ov96_021FB808	asm/overlay_96	a call differs
ov96_021FB8B4	asm/overlay_96	a call differs
ov96_021FB8FC	asm/overlay_96	a call differs
ov96_021FB994	asm/overlay_96	a call differs
ov96_021FBA3C	asm/overlay_96	memory differs
ov96_021FBBB4	asm/overlay_96	memory differs
ov96_021FBCB8	asm/overlay_96	memory differs
ov96_021FBDEC	asm/overlay_96	the return value differs
ov96_021FC144	asm/overlay_96	a call differs
ov96_021FC450	asm/overlay_96	a call differs
ov96_021FC768	asm/overlay_96	Ghidra C does not compile
ov96_021FDE7C	asm/overlay_96	memory differs
ov96_021FE550	asm/overlay_96	a call differs
ov96_021FEAEC	asm/overlay_96	a call differs
ov96_021FEE60	asm/overlay_96	a call differs
ov96_021FEFE8	asm/overlay_96	memory differs
ov96_021FF0BC	asm/overlay_96	memory differs
ov96_021FF2A0	asm/overlay_96	memory differs
ov96_021FF72C	asm/overlay_96	memory differs
ov96_021FF764	asm/overlay_96	a call differs
ov96_021FFC34	asm/overlay_96	a call differs
ov96_021FFD80	asm/overlay_96	the number of calls differs
ov96_022006BC	asm/overlay_96	the return value differs
ov96_02200A64	asm/overlay_96	a call differs
ov96_02200BC8	asm/overlay_96	the return value differs
ov96_0220146C	asm/overlay_96	the return value differs
ov96_022014A4	asm/overlay_96	the return value differs
ov96_02201558	asm/overlay_96	memory differs
ov96_0220223C	asm/overlay_96	a call differs
ov96_02202738	asm/overlay_96	memory differs
ov96_02202958	asm/overlay_96	a call differs
ov96_0220329C	asm/overlay_96	memory differs
ov96_02203544	asm/overlay_96	a call differs
ov96_022038A0	asm/overlay_96	a call differs
ov96_02203970	asm/overlay_96	only one side returned
ov96_0220404C	asm/overlay_96	memory differs
ov96_02204134	asm/overlay_96	memory differs
ov96_02204320	asm/overlay_96	a call differs
ov96_022043C0	asm/overlay_96	memory differs
ov96_022044A0	asm/overlay_96	a call differs
ov96_0220472C	asm/overlay_96	only one side returned
ov96_022047EC	asm/overlay_96	Ghidra C does not compile
ov96_02205E30	asm/overlay_96	memory differs
ov96_02206E88	asm/overlay_96	memory differs
ov96_0220703C	asm/overlay_96	memory differs
ov96_02207800	asm/overlay_96	memory differs
ov96_02207BE4	asm/overlay_96	memory differs
ov96_02208448	asm/overlay_96	the number of calls differs
ov96_02208740	asm/overlay_96	a call differs
ov96_02208BB8	asm/overlay_96	a call differs
ov96_02208FB8	asm/overlay_96	the return value differs
ov96_02208FF0	asm/overlay_96	the return value differs
ov96_02209448	asm/overlay_96	memory differs
ov96_02209BB0	asm/overlay_96	a call differs
ov96_02209E70	asm/overlay_96	a call differs
ov96_0220A298	asm/overlay_96	memory differs
ov96_0220AD64	asm/overlay_96	memory differs
ov96_0220AF64	asm/overlay_96	Ghidra C does not compile
ov96_0220B068	asm/overlay_96	Ghidra C does not compile
ov96_0220B0A4	asm/overlay_96	memory differs
ov96_0220CE04	asm/overlay_96	the number of calls differs
ov96_0220D13C	asm/overlay_96	Ghidra C does not compile
ov96_0220D1A0	asm/overlay_96	Ghidra C does not compile
ov96_0220D200	asm/overlay_96	memory differs
ov96_0220D2AC	asm/overlay_96	memory differs
ov96_0220D468	asm/overlay_96	memory differs
ov96_0220D744	asm/overlay_96	a call differs
ov96_0220D910	asm/overlay_96	a call differs
ov96_0220D9A4	asm/overlay_96	a call differs
ov96_0220DC7C	asm/overlay_96	a call differs
ov96_0220DEAC	asm/overlay_96	the number of calls differs
ov96_0220ED34	asm/overlay_96	Ghidra C does not compile
ov96_0220EFD0	asm/overlay_96	memory differs
ov96_0220F280	asm/overlay_96	memory differs
ov96_0220F3FC	asm/overlay_96	only one side returned
ov96_0220F4A0	asm/overlay_96	the number of calls differs
ov96_0220F710	asm/overlay_96	the number of calls differs
ov96_0220FA18	asm/overlay_96	a call differs
ov96_0220FBEC	asm/overlay_96	the return value differs
ov96_0220FF88	asm/overlay_96	the number of calls differs
ov96_0221040C	asm/overlay_96	a call differs
ov96_022104D8	asm/overlay_96	Ghidra C does not compile
ov96_0221090C	asm/overlay_96	memory differs
ov96_02210980	asm/overlay_96	memory differs
ov96_02210C98	asm/overlay_96	the number of calls differs
ov96_02211B94	asm/overlay_96	a call differs
ov96_02211DE4	asm/overlay_96	memory differs
ov96_02211F38	asm/overlay_96	a call differs
ov96_022124F8	asm/overlay_96	the number of calls differs
ov96_022127F4	asm/overlay_96	the number of calls differs
ov96_022130EC	asm/overlay_96	a call differs
ov96_022132FC	asm/overlay_96	memory differs
ov96_02213E60	asm/overlay_96	memory differs
ov96_022144C0	asm/overlay_96	a call differs
ov96_0221457C	asm/overlay_96	a call differs
ov96_0221490C	asm/overlay_96	a call differs
ov96_02214A6C	asm/overlay_96	memory differs
ov96_02214B84	asm/overlay_96	memory differs
ov96_02214C3C	asm/overlay_96	memory differs
ov96_02214DBC	asm/overlay_96	the return value differs
ov96_02215058	asm/overlay_96	memory differs
ov96_02215478	asm/overlay_96	the number of calls differs
ov96_02215710	asm/overlay_96	the number of calls differs
ov96_022164EC	asm/overlay_96	Ghidra C does not compile
ov96_02216C38	asm/overlay_96	the number of calls differs
ov96_02217AE4	asm/overlay_96	only one side returned
ov96_02217B84	asm/overlay_96	a call differs
ov96_02218330	asm/overlay_96	memory differs
ov96_0221918C	asm/overlay_96	memory differs
ov96_022196E4	asm/overlay_96	a call differs
ov96_022199A8	asm/overlay_96	Ghidra C does not compile
ov96_02219E00	asm/overlay_96	Ghidra C does not compile
ov96_02219EE0	asm/overlay_96	a call differs
ov96_0221A56C	asm/overlay_96	a call differs
ov96_0221A57C	asm/overlay_96	a call differs
ov96_0221A61C	asm/overlay_96	the return value differs
ov96_0221A730	asm/overlay_96	memory differs
TrainerCardMainApp_Init	asm/overlay_trainer_card_main	a call differs
ov51_021E6CF0	asm/overlay_trainer_card_main	every trial inconclusive
ov51_021E6DA8	asm/overlay_trainer_card_main	memory differs
ov51_021E7664	asm/overlay_trainer_card_main	the return value differs
TrainerCardSignature_Exit	asm/overlay_trainer_card_signature	no address for {name}")
TrainerCardSignature_Init	asm/overlay_trainer_card_signature	memory differs
TrainerCardSignature_Main	asm/overlay_trainer_card_signature	a call differs
ov52_021E8F2C	asm/overlay_trainer_card_signature	memory differs
ov52_021E921C	asm/overlay_trainer_card_signature	Ghidra C does not compile
DrawFrameAndWindow3	asm/render_window	a call differs
WaitingIcon_New	asm/render_window	a call differs
sub_0200E448	asm/render_window	a call differs
sub_0200E6B4	asm/render_window	a call differs
sub_0200ECBC	asm/render_window	a call differs
sub_0200F82C	asm/render_window	a call differs
sub_020109D8	asm/unk_0201010C	the return value differs
sub_02010A00	asm/unk_0201010C	memory differs
sub_02011130	asm/unk_0201010C	memory differs
sub_02011A44	asm/unk_0201010C	a call differs
sub_02011DEC	asm/unk_0201010C	memory differs
sub_02011F10	asm/unk_0201010C	the number of calls differs
sub_020124B0	asm/unk_0201010C	a call differs
sub_02012E6C	asm/unk_02012DD8	memory differs
sub_02013220	asm/unk_02012DD8	memory differs
sub_020134BC	asm/unk_02012DD8	every trial inconclusive
sub_02016F40	asm/unk_02016EDC	the number of calls differs
sub_020170FC	asm/unk_02016EDC	a call differs
sub_020196E8	asm/unk_0201956C	a call differs
sub_0201980C	asm/unk_0201956C	a call differs
sub_02025C98	asm/unk_02025C44	the return value differs
sub_02031DA0	asm/unk_02031B0C	the number of calls differs
sub_02032354	asm/unk_02031B0C	memory differs
sub_02032F0C	asm/unk_02032844	a call differs
sub_020331A4	asm/unk_02032844	a call differs
sub_020333D8	asm/unk_02032844	a call differs
sub_02034354	asm/unk_02034354	a call differs
sub_020343E4	asm/unk_02034354	memory differs
sub_02034870	asm/unk_02034354	the return value differs
sub_020352D8	asm/unk_02034B0C	a call differs
sub_02035AE0	asm/unk_02035900	a call differs
sub_02036298	asm/unk_02035900	a call differs
sub_02036BE4	asm/unk_02035900	memory differs
sub_02036FA8	asm/unk_02035900	the return value differs
GetMetatileBehavior	asm/unk_02054648	a call differs
sub_020548C0	asm/unk_02054648	a call differs
sub_020548EC	asm/unk_02054648	a call differs
sub_02054940	asm/unk_02054648	the return value differs
sub_02054DC8	asm/unk_02054648	memory differs
sub_02054E20	asm/unk_02054648	a call differs
sub_020573AC	asm/unk_02056D7C	a call differs
sub_02057524	asm/unk_02056D7C	the return value differs
sub_02057C94	asm/unk_02056D7C	the number of calls differs
sub_02058038	asm/unk_02058034	a call differs
sub_020582CC	asm/unk_02058034	a call differs
sub_02058608	asm/unk_02058034	Ghidra C does not compile
sub_02058640	asm/unk_02058034	Ghidra C does not compile
sub_0205A508	asm/unk_0205A44C	Ghidra C does not compile
sub_0205AA9C	asm/unk_0205A44C	the number of calls differs
sub_0205DD94	asm/unk_0205CB48	a call differs
sub_020601BC	asm/unk_0205FD20	a call differs
sub_02060274	asm/unk_0205FD20	a call differs
sub_020607D8	asm/unk_0205FD20	the number of calls differs
sub_02061E20	asm/unk_02061284	the return value differs
sub_02061E44	asm/unk_02061284	the return value differs
MapObject_RunMovementCommand	asm/unk_02062108	a call differs
MovementScriptMachine	asm/unk_02062108	a call differs
sub_020623D8	asm/unk_02062108	the return value differs
sub_02063A40	asm/unk_020632B0	a call differs
sub_02063A5C	asm/unk_020632B0	a call differs
sub_02063A78	asm/unk_020632B0	a call differs
sub_02063B9C	asm/unk_020632B0	a call differs
sub_02063D30	asm/unk_020632B0	a call differs
sub_020755E8	asm/unk_020755E8	Ghidra C does not compile
sub_02075E14	asm/unk_020755E8	the number of calls differs
PokemonSummary_Init	asm/unk_02088288	memory differs
sub_02088E98	asm/unk_02088288	a call differs
sub_0208A0EC	asm/unk_02088288	a call differs
sub_0208AB58	asm/unk_02088288	the number of calls differs
sub_0208C0E8	asm/unk_0208B1AC	a call differs
sub_0208C380	asm/unk_0208B1AC	a call differs
sub_0208FAA8	asm/unk_0208F814	Ghidra C does not compile
sub_020932E0	asm/unk_020932E0	memory differs
sub_02093354	asm/unk_020932E0	memory differs
sub_02094400	asm/unk_020932E0	memory differs
sub_02094528	asm/unk_020932E0	memory differs
sub_02094668	asm/unk_020932E0	memory differs
sub_020948C4	asm/unk_020932E0	a call differs
sub_020957B0	asm/unk_020957B0	a call differs
sub_0209592C	asm/unk_020957B0	a call differs
sub_020959D8	asm/unk_020957B0	memory differs
sub_02095A7C	asm/unk_020957B0	a call differs
sub_02095D40	asm/unk_020957B0	memory differs
